Paper name,Year,venue,Sensing Target,Type of sensing,Substrate,Substrate sourcing,Sensing layer materials,Sensing materials Sourcing,Fabrication process,Device Form Factor,validation process,Expected  results,Potential applications,Limitations,Procedure for building these devices,
BioWeave: Weaving Thread-Based Sweat-Sensing On-Skin Interfaces,2023,ACM UIST (User Interface Software and Technology),sweat pH,Colorimetric (optical),Woven textile,"Commercial weaving yarns (e.g., mercerized perle cotton 10/2 and 20/2 from Woolery; general yarns from Amazon/Woolery)",Colorimetric assays (from urinalysis/pH/glucose test strips),"Colorimetric strips (Amazon, Just Fitter, Bayer Diastix)",Dyeing cotton yarns with extracted colorimetric reagents,"Thread-based woven textile patches integrated at body sites (under-eye, armpit, forehead, chest, toes)",Colorimetric: spectrophotometry and optical imaging,- pH sensing threads showed ~60 mV/pH (Nernstian response),"Wearable on-skin sweat monitors for diabetes management (glucose), hydration (electrolytes), skin health/wound monitoring (pH), fitness monitoring (sweat rate)","- Limited analyte range when using off-the-shelf test strips (designed for urine, not sweat)","1. Select mercerized cotton yarn (20/2 or 10/2). Clean with isopropanol and mordant with alum.
2. Extract reagents from commercial test strips (pH, glucose, cobalt chloride for sweat rate). Use solution to dye cotton threads.
3. For electrochemical threads: coat cotton with carbon ink (counter electrode), Ag/AgCl ink + PVB (reference electrode), and working electrodes with PANi (pH) or Prussian Blue + chitosan + glucose oxidase (glucose). Cure/dry as needed.
4. Weave threads into 2D/3D structures on a loom (plain weave, satin, twill, or double cloth) targeting body locations with high sweat density.
5. Attach woven patches on-skin using tape or adhesive.
6. Validate via spectrophotometer (colorimetric) or AFE IC (LMP91000, LMP91200) + microcontroller for electrochemical signals.
7. Test on human subjects for wearability and signal correlation.",
,,,sweat glucose,"Electrochemical (potentiometric, amperometric)",,,"Electrochemical coatings: carbon ink, Ag/AgCl ink, polyvinyl butyral (PVB), polyaniline, Prussian blue, chitosan, glucose oxidase","Electrochemical inks (Kayuku C-250J carbon ink, Kayuku AgCl ink)",- Mordanting with alum (aluminum sulfate),,"Electrochemical: open circuit potential (pH), cyclic voltammetry (glucose), amperometry",- Glucose electrochemical threads showed anodic peak shifts across 0.1–10% concentrations,,- Electrochemical testing setup (AFE ICs) less precise than benchtop potentiostats,,
,,,sweat electrolytes,,,,,"Chemicals from Sigma-Aldrich (PVB, PANi, Prussian Blue, Chitosan, Glucose Oxidase, PBS, HCl, etc.)",- Dip-coating threads with conductive/functional inks for electrochemical electrodes,,,- Colorimetric sensors produced visible color changes aligned with analyte concentration,,- Washability and long-term durability not fully tested,,
,,,sweat rate,,,,,,- Weaving on 4-shaft and 8-shaft looms into 2D and 3D woven structures,,,"Preliminary wearability study with 3 participants (forehead-mounted sensors, 21 minutes of exercise)",,,,
HoloChemie: Sustainable Fabrication of Soft Biochemical Holographic Devices for Ubiquitous Sensing,2024,ACM UIST (User Interface Software and Technology),"Glucose (0.12–0.20 mM), Lactate (5–20 mM), CO₂ (400–800 ppm), pH extremes (1.5–2 and 12–13)",Analyte-sensitive optical colorimetric sensing using biochemical and chemical assay layers read by LED–LDR array and spectrophotometry,"Alginate, agarose (2 % w/v), chromatography paper, tattoo paper, woven/non-woven fabrics (alginate preferred for transparency and flexibility)","Alginate (Sigma W201502 / Amazon food-grade), agarose (Sigma A4718), chromatography paper (Sigma WHA3017820), tattoo paper (commercial), fabrics (Amazon)","Glucose oxidase (GOx, Aspergillus niger), Lactate oxidase (LOx, Aerococcus viridans), potassium iodide (KI), starch, phosphate buffer (PBS), bromothymol blue (BTB), hibiscus anthocyanins extracted from hibiscus tea","Sigma Aldrich (GOx G7141 or G2133, LOx L9795, KI 221945, PBS P3619, BTB 114413); Amazon (hibiscus tea leaves, fabrics)","Prepare soft substrate (e.g., alginate 1 : 25 : 1 alginate : glycerol  2% w/v: water; dry 8–10 h). For glucose sensing: mix 110 µL PBS + 20 µL GOx + 30 µL KI + 2 mg starch; for lactate sensing: mix 118 µL PBS + 32 µL LOx + 30 µL KI + 2 mg starch; for CO₂ sensing: dissolve 0.1 g BTB in 16 mL 0.01 N NaOH and dilute to 250 mL, drop-cast or brush onto substrate; for pH sensing: boil 3 g dried hibiscus tea leaves in 50 mL water for 15–20 min, cool, filter, and brush/spray extract on substrate. Dry all layers for ~20 min at room temperature before testing.",Flexible assay-coated thin films or patches applied on soft substrates for wearable or benchtop testing,"Spectrophotometry (250–750 nm) shows distinct absorption peaks per analyte; LED–LDR setup collected 600 samples over 30 min at 50 Hz; Random Forest regression achieved R²: 0.87 (glucose), 0.91 (lactate), 0.94 (CO₂), 0.93 (pH)",Color and transparency change correspond directly to analyte concentration; stable response for up to 10 hydration/drying cycles; accurate ML-based analyte prediction,Non-invasive sweat glucose and lactate sensing; CO₂ and pH monitoring for air quality and environmental diagnostics; sustainable biopolymer-based holographic color interfaces,BTB layer gradually loses sensitivity after several CO₂ exposures (recoverable with 0.01 N NaOH); ambient light variation affects LED–LDR readings.,Prepare biopolymer substrate → mix enzyme-based or dye-based assay as described → drop-cast/brush/spray on substrate → dry 20 min → record optical response using LED–LDR array or spectrophotometer → retrain ML model on RGB/LDR data for quantitative estimation,
"AnimSkin: Fabricating Epidermis with Interactive, Functional and Aesthetic Color Animation",2017,ACM DIS (Designing Interactive Systems),Touch sensing and thermal color animation,Hybrid capacitive (touch input) + thermochromic (colorimetric actuation),Multi-layer silicone stack: transparent overlay + thermochromic silicone + conductive thread + ITO film + silicone base,"Silicone resin and curing agent (lab kits); thermochromic pigment (TK-CHEM SDS 38 °C red powder); conductive nylon thread (X-Silver, Adafruit/Taobao); ITO film (electronics vendors)",Thermochromic pigment; silicone base; silver-coated nylon thread; copper wire; ITO film,"TK-CHEM (thermochromic powder); Adafruit/Taobao (conductive yarn); local suppliers (ITO film, copper wire)",Mix silicone + curing agent + thermochromic pigment (100:3:9) → cast 30–120 µm films → laser-cut pattern → embed conductive thread and copper wire → stack thermochromic + ITO + substrate layers → cure and bond with transparent overlay → apply body-safe adhesive,Thin (~0.38 mm) flexible on-skin film for interactive color animation and touch input,"Capacitive ITO test (10 participants, overlay = 120–450 µm); durability/skin-friendly test (8 participants, 6 h wear at 3.3 V, 0.08 A); thermal actuation/color-change speed test",Color change in 0.5–1 s at 3.3 V 0.08 A; stable touch sensing through ≤ 0.45 mm silicone; comfort 4–5 / 5; no irritation or circuit break,On-skin aesthetic notification; interactive tattoo; fashion/beauty tech application; wearable light or pattern control,Activation above 38 °C; single-color thermochromic limitation; manual layering time; needs external 3.3 V power,Mix thermochromic pigment + silicone + curing agent → cast thin films → laser-cut pattern → lay conductive thread + copper wiring → add ITO film for touch sensing → stack and cure layers → apply adhesive → wear on skin and power at 3.3 V,
BioCosMe: Lip-based Cosmetics with Colorimetric Biosensors for Salivary Analysis using Deep Learning,2024,ACM ISWC (International Symposium on Wearable Computers),Salivary pH,"Colorimetric biosensing using natural anthocyanin pigment with deep learning (CNN, ResNet-18)","Lip-based cosmetic substrates: lipstick, lip gloss, and lip tint","Commercial cosmetic bases and food-grade materials (wax, glycerin, mica, TiO₂, cetyl octanoate, phenoxyethanol, polysorbate 80, red cabbage powder)","Red cabbage (anthocyanin, 33.3%); silver mica (8.3%); TiO₂ (8.3%); cetyl octanoate (8.3%); primer adhesive (8.3%); for tint – water, glycerin, phenoxyethanol, polysorbate 80",Amazon; Sigma-Aldrich; cosmetic suppliers (food-grade and skin-safe materials),Heat cosmetic base to 175°F → add red cabbage and mica powders → stir 20 min at 165°F → pour into molds (lipstick/gloss) or bottles (tint) → chill 35–50°F → store at room temperature,"Lipstick (solid), lip gloss (gel), and lip tint (aqueous) biosensors visually identical to commercial cosmetics","Artificial saliva (pH 5–8) tests; dataset of 2304 lip images (6 participants, 8 lighting conditions, 3 cameras); CNN training (ResNet-18, 100 epochs); user study (11 participants, 1-h sessions)",CNN F1 = 0.92; RF = 0.39; SVM = 0.41; LOPO accuracy 37%; reusable up to 7 tests; usability mean 6/7; comfort 4.6/7; consistent pH detection with commercial strips,Everyday oral pH monitoring; cosmetic health biosensing; future glucose/cortisol extensions; beauty-biotech integration,"Lighting sensitivity; dataset limited (skin tones, participants); comfort issues (texture); not yet scalable; untested with eating/drinking","Prepare cosmetic base with red cabbage pigment → add additives (mica, TiO₂, cetyl octanoate) → heat, mix, pour into molds → cool and store → apply and test with pH buffers → collect lip images → train CNN → deploy mobile app for real-time lip-based pH sensing",
Exploring Biofoam as a Material for Tangible Interaction,2022,ACM DIS (Designing Interactive Systems),"Pressure, force, temperature, UV light",Hybrid resistive (pressure/force) and colorimetric (thermo/photochromic) sensing,Biofoam (gelatin–glycerin–soap composite),"DIY recipe adapted from FabTextiles “Bioplastics Cookbook”; ingredients (gelatin, glycerin, dish soap, water) available commercially (Amazon/local)","Gelatin (24 g); Glycerin (24 mL); Water (300 mL); Dish soap (10 g); Stainless steel fibers (2.5 cm, 8 µm); Pine sap; Flax mucilage; Thermochromic/photochromic pigments; Natural powders (turmeric, walnut hull, charcoal)",Knox Gelatin (Amazon); stainless-steel roving fibers (e-textile suppliers); Jacquard Dye-Na-Flow pigments (Amazon); pine sap/flax seeds (local),Mix 300 mL water + 24 g gelatin → heat to 80 °C → add 24 mL glycerin → cook 2 h → add 10 g dish soap → whisk 90 s → fold in steel fibers → pour into molds → dry 24–48 h → optionally add pigments or natural additives,Cylindrical biofoam FSRs (5 × 2 cm); thin color-changing biofoam sheets (0.5–3 mm),for wearables,"Density (0.13–0.65 g/cm³); compression (72% strain); FSR test 15–60 N (3.3 V, 330 Ω divider); recovery 3–5 s; biodegradation/recycling tests",Force-dependent resistance decrease; thermochromic change at ~36 °C; UV-triggered color shift; biodegradable and recyclable,Sustainable haptic and sensing materials; color-changing jewelry/masks; biodegradable tactile sensors,Fiber distribution inconsistency; water sensitivity; brittleness if unbalanced; long drying time; manual fabrication limits scalability,"Mix gelatin, glycerin, water (80 °C) → add soap and whisk 90 s → fold in steel fibers → pour and dry 48 h → attach electrodes (copper taffeta) → connect via voltage divider → optionally add thermo/photochromic pigments for color feedback"
Biohybrid Devices: Prototyping Interactive Devices with Growable Materials,2023,ACM UIST (User Interface Software and Technology),"Pressure, bending, touch, humidity, deformation","Hybrid resistive (pressure/force), capacitive (touch/multi-touch), and humidity sensing",Bacterial cellulose (BC) biofilm grown via kombucha fermentation,"DIY kombucha medium (tea, sugar, vinegar, SCOBY); locally available or commercial kits (Amazon, Carrefour Bio)",Conductive textiles (EeonTex COM-14112); Velostat; Polyimide films; Carbon-doped beeswax (10% Vulcan XC72R); Graphite (ProGraphite); Conductive PLA (Protopasta); Conductive yarn (Datastretch 1468-SI); Starch-based conductive paste (40% graphite + CléoBio bioglue),Eeonyx; Protopasta; Sigma-Aldrich (carbon black); ProGraphite (Germany); CléoBio (France); Adafruit (LEDs/Neopixel); Amazon (conductive yarn); Kombucha culture (local/online),Grow BC films (7–20 days @ 24–25 °C) → embed electronics after 5 days (“Grow Around”) → wash and dry (3–7 days or 4–12 h @ 80 °C) → integrate via Layering / Imbuing / Slicing → laser engrave conductive traces with graphite paste → assemble and seal,"Biohybrid BC-based FSRs, capacitive pads, humidity sensors, and wearable interfaces (bracelets, controllers, SMA-actuated devices)",Resistance range 0.6–15.4 kΩ; SNR 42–73 dB; humidity range 215 kΩ–2 MΩ; graphite traces 39 Ω/□ (10 mm); copper/silver growth inhibition tests,13 interactive samples; 170+ BC cultures; 7 embedding techniques across growth/stabilization/inanimate phases; functional wearables with LEDs and SMA actuators,Sustainable bio-integrated wearables; shape-changing soft robotics; biodegradable controllers; DIY educational bio-HCI materials,Slow growth (7–20 days); copper/silver toxicity; humidity degradation; laser damage; manual drying affects reproducibility,Prepare kombucha medium → grow BC (7–20 days) → embed electronics at day 5 → dry → integrate via Layering/Imbuing/Slicing → laser engrave graphite circuits → attach microcontroller (Arduino/Nano) → waterproof and test sensing response,
Designing Direct Interactions with Bioluminescent Algae,2021,ACM DIS (Designing Interactive Systems),"Mechanical touch, vibration, and movement triggering bioluminescence",Bio-optical / mechano-chemical sensing (light emission via luciferin–luciferase reaction),Living marine dinoflagellate cultures (*Pyrocystis fusiformis*),PyroFarms (P. fusiformis culture); Fritz Aquatics (F/2 media Parts A & B); Instant Ocean marine salt (PetSmart); distilled water (local stores),Living algal cells as sensing and emitting medium; no synthetic sensing layer,"PyroFarms (living culture); Fritz Aquatics Pro; Instant Ocean; local hardware suppliers (LEDs, timer, enclosure)","Prepare 3.5% marine medium (1.012–1.024 SG) → add F/2 nutrients and 200 mL starter culture → grow 7 weeks under 12/12 light–dark cycle (18–22 °C) → feed monthly (30% medium) → use closed, porous, or open containers for interaction","Living liquid medium in closed, porous, or open vessels for light-emitting interactions","Light intensity measured with BT-881D lux meter; closed env. = 0.137 lux (2.66 s), porous = 0.033 lux (0.89 s), open = 0.087 lux (2.35 s); hue via Photoshop; LED control = 133.9 lux",Instant blue-green glow on motion; longer glow in closed setups; dissipates within seconds; culture stable under 12/12 light cycle and gentle aeration,Living bio-interactive installations; educational eco-games; organism-centered HCI and sustainable light interfaces,Needs dark environment; short glow duration (<0.2 lux); contamination risk; requires oxygenation and strict light/temperature control; ethical care required,Prepare marine medium → add F/2 nutrients and starter algae → maintain 12/12 light cycle at 18–22 °C → expand to 20 L → design interaction containers → stimulate manually and record bioluminescent output,
"BioSparks: Jewelry as Electrochemical Sweat Biosensors with Modular, Repurposing and Interchangeable Approaches",2023,ACM UbiComp/ISWC Adjunct,Glucose in sweat,Electrochemical chronoamperometry (three-electrode configuration),Sterling silver jewelry case with replaceable 3D-printed silicone insert,Silver (925 sterling) from Rio Grande; FormLabs Flexible 80A resin; leather straps and epoxy gems (Amazon/jewelry suppliers),"Sterling silver electrodes (working, reference, counter); Glucose oxidase enzyme and cross-linker (Zimmer & Peacock); Biosensor barrier solution (Zimmer & Peacock); Silicone insert (Flexible 80A resin)","Zimmer & Peacock (enzyme and barrier solutions); Rio Grande (silver and solder); FormLabs (resin); Amazon (battery, leather straps, wires)","Cut and solder silver electrodes (moon, circle, star) → assemble rivet holders → 3D-print silicone insert (Flexible 80A) → activate electrode with GOx + cross-linker → apply barrier layer → integrate into silver case with BLE PCB → connect to ecFlex potentiostat","Modular wearable jewelry biosensor (bracelet, necklace, belt) with interchangeable electrodes and replaceable casing",Chronoamperometric testing on 2–20 mM glucose (1 µL sweat simulation) using ecFlex potentiostat (30 s trials); current followed Cottrell decay; calibration and reproducibility confirmed,Higher glucose → higher current amplitude; decay stabilized after 10 s; comparable to industrial glucose sensors; functional jewelry integration achieved,Fashionable modular glucose biosensing jewelry; reusable electrodes; aesthetic health monitoring,Manual polishing/fabrication required; silver oxidation untested; durability and reusability limited; requires external potentiostat,Cut and solder silver electrodes → print silicone insert → activate with enzyme and cross-linker → coat with barrier → assemble into jewelry case → connect BLE potentiostat → test glucose response (2–20 mM) via chronoamperometry,
Chitosan Biofilm Actuators – Humidity Responsive Materials for Sustainable Interaction Design,2024,"ACM TEI (Tangible, Embedded, and Embodied Interaction)",Humidity (relative humidity 60–90%),Passive hygroscopic actuation (moisture-driven bending),Chitosan biofilm and woven cotton (bilayer),Chitosan powder (Sigma-Aldrich/Amazon); vinegar (5% acetic acid); distilled water; textile-grade cotton fabric,Chitosan powder (5 wt%); vinegar (50%); water (50%); optional flax mucilage or pine sap for strength; food coloring for visual variation,Sigma-Aldrich (chitosan); local grocery vinegar; distilled water; cotton textile suppliers,Mix chitosan (5 wt%) with 50% vinegar + 50% water → heat to 60 °C → pour 20 mL into 80×80×4 mm mold → dry 6 h at 55 °C → optionally coat cotton one-sided for bilayer → dry fully to form humidity-actuated film,"Thin (0.3–0.5 mm) humidity-responsive films and cotton–chitosan bilayers for haptic, display, or textile prototypes",Tested under 60–90% RH using DHT21 + piezo mist maker; tracked via JSTrack v1.0; peak bending after ~20 min; reversible actuation with humidity drop to 50%,Reversible actuation verified across cycles; bilayer most stable; max curvature at 80–90% RH; response speed influenced by thickness,Smart textiles; self-folding origami; dynamic humidity-responsive displays; haptic buttons,Manual casting causes uneven thickness; 20 min response time; low actuation force; humidity sensitivity; long drying time,Mix and heat chitosan solution (60 °C) → pour into mold → dry 6 h at 55 °C → create cotton bilayer → cut shape → expose to 60–90% RH → record curvature and recovery with DHT21 sensor,
ChromaLipSense: Lipstick-Based Biosensors for Metabolic Monitoring,2024,"Wearables Collective (University of California, Davis)",Salivary pH (5.5–8.0),"Colorimetric biosensing (anthocyanin-based color shift analyzed by deep learning, ResNet-18/50)","Cosmetic-grade lipstick base (castor oil, beeswax, carnauba wax, olive oil, cetyl alcohol)","TKB Trading (lipstick base); cosmetic suppliers (Sigma, Amazon); food-grade red cabbage powder (grocery)",Red cabbage powder (anthocyanin pigment); cetyl octanoate; titanium dioxide (non-nano); silver mica; primer adhesive (stearic acid + PVP); acrylate copolymer,TKB Trading (cosmetic base); Sigma-Aldrich/Amazon (additives); food-grade suppliers (red cabbage powder),Mix 4 parts lipstick base + 1 part cetyl octanoate + 1 part TiO₂ + 1 part primer adhesive → heat to 185 °F (10 min) → add acrylate copolymer + silver mica + red cabbage at 175 °F → stir 5 min → pour into molds (9 mm) → chill at 35 °F for 10 min → store at room temp,Lipstick-based biosensor for salivary pH monitoring applied on lips or silicone lip models,"Tested on 5 buffer pH levels (5.5–8.0) using NaH₂PO₄/acetic acid; images captured under 8 lighting conditions (2200–6500 K) with Canon EOS R & Pixel 6; 4 participants + artificial lips dataset (~40 images × 5 pH × 8 lighting × 2 devices); ResNet-18/50 trained 50 epochs, lr 0.0001, ADAM optimizer",ResNet-18 & 50 models achieved 96.88% test accuracy; clear hue transition red→purple→blue; stable color shifts across lighting conditions; reproducible results in lab trials,"Cosmetic-integrated biosensing for oral/metabolic monitoring; adaptable to eyeliner, foundation, or tattoo sensors",Small dataset (n = 4 participants); anthocyanin instability; lighting sensitivity; single-analyte limitation,Mix and heat lipstick ingredients at 185 °F → add mica + anthocyanin pigment → pour and cool in molds → apply and expose to pH 5.5–8.0 → capture images under multiple lights → train ResNet for classification,
The Dermal Abyss: Interfacing with the Skin by Tattooing Biosensors,2017,ACM ISWC (International Symposium on Wearable Computers),"Glucose, pH, and sodium ions in interstitial fluid",Colorimetric and fluorescent optical biosensing (tattoo-based),Human dermis (ex vivo pig skin model),"Fresh pig foreleg skin (~10 mm thick) obtained from local butcher, stored at −4 °C",Anthocyanin (red cabbage extract) for pH; Seminaphthorhodafluor (SNARF) fluorescent pH dye; Diaza-15-crown-5 (Sodium Green) for Na⁺; glucose oxidase/peroxidase + KI + buffer (from Rapid Response urinalysis strips),"Thermo Fisher (SNARF, Sodium Green); Sigma Aldrich (buffers, NaCl, Tris); Rapid Response strips (glucose oxidase/peroxidase); red cabbage extract (food-grade)","Prepare biosensor solutions in 150 mM Tris buffer (pH 7.0–7.4, 25 °C) → inject 50 µL laterally (≤ 4 mm) or 2 µL vertically (2 mm) into dermis using 31G syringe → wait 10 min → image under visible and UV light (507/532 nm excitation) → combine with tattoo pigments for pattern design",Ex vivo pig skin biosensing tattoo patches (colorimetric and fluorescent),pH: magenta→pink (8→7); Na⁺: fluorescence ↑1.9× (0–200 mM); glucose: brown coloration at 10 mM; imaged with iPhone 6S & Zeiss microscope,"Visible color and fluorescence changes correspond to analyte concentration; clear differentiation among glucose, Na⁺, and pH sensors",Continuous glucose/hydration/pH monitoring through aesthetic tattoo interfaces; integration with optical readout wearables,Ex vivo only; fluorescent dye photobleaching; limited stability and selectivity; biocompatibility untested; d,,
Designing with Alganyl,2022,"ACM TEI (Tangible, Embedded, and Embodied Interaction)",UV light and temperature,Colorimetric (photochromic and thermochromic pigments embedded in bioplastic),Alganyl bioplastic (agar–glycerin composite),"Food-grade agar powder, glycerin, and water (Sigma/Amazon/local stores)",Photochromic pigment (cream→pink under UV); thermochromic pigment (blue↔white with temperature); optional activated charcoal for conductive circuits; food/natural dyes for color customization,"Chromatic Technologies Inc. (CTI); Sigma/Amazon (agar, glycerin); local sources (dyes, vinegar)",Mix 50 mL water + 2 g agar + 3 g glycerin → boil (~2 min microwave or 10 min stovetop) → add 0.25 g pigment → pour on flat surface → dry 24–72 h → cut or heat-seal → optionally recycle by re-cooking 3:10 in water,"Flexible Alganyl film (0.5–1 mm thick) shaped into bracelets, necklaces, or interactive surfaces","UV pen and sunlight tests (photochromic: cream→pink); heat tests (thermochromic: purple→red at ~35 °C); mechanical testing (13% elongation, 12.5 MPa); biodegradation 97% mass loss in 60 days at 40 °C","Visible reversible color change under UV/heat; flexible, biodegradable, and stable indoors for 2 years",UV-sensing bracelet; thermosensitive jewelry; biodegradable circuits; recyclable bioplastic art objects,Pigment degradation after re-cooking; moisture-induced warping; limited waterproofing; lower durability than vinyl,"Mix agar, glycerin, and water (2:3:50 ratio) → heat to dissolve → add pigment → pour and dry 24–72 h → shape and seal → expose to UV/heat to observe color change → recycle by re-cooking scraps",
DuoSkin: Rapidly Prototyping On-Skin User Interfaces,2016,ACM ISWC (International Symposium on Wearable Computers),"Touch, heat (thermochromic), and NFC communication","Capacitive touch sensing, resistive heating for thermochromic display, and NFC-based wireless interaction",Temporary tattoo paper with gold-leaf conductive traces and cosmetic adhesive,Silhouette temporary tattoo paper; Mehron Spirit Gum or Pros-Aide adhesive; 24K cosmetic gold leaf; copper tape; Adafruit Flora or NFC tag modules,Gold leaf (24K) for conductive traces; thermochromic pigment for color change; copper tape for antenna; flexible microcontroller for control,"Amazon/Adafruit (NFC and microcontrollers); Silhouette (tattoo paper); art stores (gold leaf, adhesive)",Design circuit pattern in Illustrator → cut with Silhouette Cameo → apply gold leaf and remove stencil → solder pads and attach thermochromic or NFC modules → transfer to skin with adhesive → connect to battery/smartphone,Thin flexible on-skin electronics resembling metallic tattoos (50–200 µm thick),"Touch accuracy ≈99% (3×3 grid); thermochromic color change <5 s at 3.7 V, 120 mA; NFC read/write range ≈2 cm; 17 participants fabricated and evaluated their own DuoSkin tattoos",Stable and repeatable touch and thermal response; reversible color changes; aesthetic and functional metallic skin interfaces,Interactive sliders and buttons on skin; thermochromic skin displays; NFC tattoos for data or identity; artistic wearable electronics,Gold leaf fragile; manual alignment needed; adhesive and pigments degrade after one use; not reusable,"Design circuit → cut stencil → apply gold leaf → integrate touch, thermochromic, and NFC layers → transfer onto skin → test with phone or power source",
ChromoSkin: Towards Interactive Cosmetics Using Thermochromic Pigments,2016,ACM CHI Extended Abstracts,Temperature (ambient and electrically induced),Thermochromic colorimetric sensing (passive and active),Tattoo transfer paper with silicone adhesive backing,Silhouette Cameo tattoo paper; Thermalloy Theragrip insulation tape; silicone adhesives (eyelash/tattoo glue),"Thermochromic pigment (Hali Pigment, 42 °C & 33–38 °C activation); Liquitex flexible molding paste; conductive thread (~10 Ω); Thermalloy Theragrip insulation","Hali Pigment (thermochromic pigment); Liquitex (acrylic medium); Thermalloy (insulation tape); Amazon (conductive thread, tattoo paper)",Mix 0.05 oz pigment + 0.25 oz water + 0.30 oz molding paste → coat on tattoo paper → dry → add serpentine conductive thread (~10 Ω) → add insulation + adhesive → connect to Arduino (3.7 V Li-ion) → apply on skin,Thermochromic tattoo-like cosmetic interface for color-changing cosmetics,"Color change within ~30 s at 3.7 V, 0.16 A (active); reversible cooling within 30 s; insulation lowered surface temp by ~10 °C; 5 h wear duration",Stable and reversible color transitions via ambient or resistive heating; cosmetic appearance maintained,"Dynamic makeup (eyeshadow, tattoos, nail polish); temperature-activated fashion or interactive beauty interfaces",Short wear time (~5 h); pigment instability <35 °C; no pixel-level control; adhesive degradation over time,Mix pigment–paste–water → coat and dry on tattoo paper → attach conductive thread circuit → insulate → add adhesive backing → connect to Arduino → test color response under ambient and active heating,
EarthTones: Chemical Sensing Powders to Detect and Display Environmental Hazards through Color Variation,2017,ACM CHI Extended Abstracts,"Carbon Monoxide (CO), Ultraviolet (UV), Ozone (O₃)","Pure chemical colorimetric sensing (redox, photoacid, oxidation)",Cosmetic-grade silica or mica powders with pigments,Silica (Sigma-Aldrich); mica and pigments (TKB Trading / Sigma),CO: PdSO₄–silica (1:2 g); UV: DPIC + Thymol Blue + NaOH buffer; O₃: KI + starch–amylose complex,"Sigma Aldrich (PdSO₄, KI, TB, NaOH); TCI/Fisher (DPIC); cosmetic pigment suppliers","Mix chemicals as per formulation; CO powder: PdSO₄ + silica (1:2), heat 50 °C, grind; UV powder: DPIC + TB (1:7.5 g) in 50:50 ethanol/water + 0.1 M NaOH, dry film, scrape to powder; O₃ powder: KI + starch 1:1, dry and grind; blend each with mica pigment for cosmetic tone",Chemical sensing powders blended with cosmetic bases for on-skin or textile use,Colorimetry via UV-Vis spectroscopy; CO > 60 ppm → brown; UV (1–4 h) → yellow to red; O₃ (4–48 h) → peach to rose red,"Cumulative, visible color change correlating with exposure; aesthetic analog display without electronics",Wearable air-quality and UV awareness powders; environmental cosmetic sensors,Irreversible O₃ reaction; slow response; untested skin safety; semi-quantitative only,"Mix CO, UV, and O₃ chemical formulations → dry → grind → blend with mica → apply and observe color change or record UV-Vis spectrum",
EcoPatches: Maker-Friendly Chemical-Based UV Sensing,2020,ACM DIS (Designing Interactive Systems),Cumulative ultraviolet (UV) exposure (UVI-hours),Photoacid-induced colorimetric reaction (UV → H⁺ generation → pH drop → color shift),Temporary tattoo paper with archival resin (~0.5 mm) and adhesive films,Silhouette tattoo paper; archival resin and hardener (Amazon); skin-safe adhesives (3M),Diphenyliodonium chloride (PAG); phenol red (pH indicator); sodium hydroxide (buffer); ethanol (solvent); optional bromothymol blue (alt indicator),"Sigma Aldrich (PAG, phenol red, NaOH); TCI/Fisher (PAG); Amazon (ethanol, resin, adhesives)",Mix 1 part 0.1 M PAG + 1 part 1 M NaOH + 10 parts phenol red + 10 parts 95 % ethanol → load printer → print UV regions 10× → print reference → dry 5 min → apply 0.5 mm resin (48 h cure) → add adhesive films → calibrate under sunlight with dosimeter,Flexible UV-sensing tattoo-like patch (0–11 UVI-hrs),"Human study (n = 35): r = 0.79, error −0.56 ± 2.11 UVI-hrs; App: r = 0.90, error −0.01 ± 1.65 UVI-hrs; accuracy 83.7–88.5 % after calibration",Visible yellow→red transition proportional to UV dose; adjustable formulation for skin types; accurate visual and app readout,Wearable UV exposure monitors; educational maker patches; environmental awareness tattoos,Irreversible reaction; saturation > 6.7 UVI-hrs; ink/resin variability; 48 h curing required,Mix ink → print 10× → dry → add reference scale → apply resin (48 h cure) → add adhesive → calibrate and interpret visually or via app,
EcoThreads: Prototyping Biodegradable E-Textiles Through Thread-Based Fabrication,2024,ACM CHI Conference on Human Factors in Computing Systems,"Conductivity, resistivity, pH and temperature sensing",Biodegradable conductive and interactive threads fabricated via wet spinning and coating,"Alginate, CMC, chitosan binders with CNT, AgNWs, and natural colorimetric or thermochromic pigments","Food-safe sodium alginate, glycerin, sunflower seed oil, de-ionized water, 10 % CaCl₂ coagulation bath; mercerized cotton yarns; CMC binder",Conductive: CNT dispersion (0.8 %) or AgNWs (~40 nm); Interactive: anthocyanin extract (red-cabbage/blueberry) or thermochromic pigment,Sigma Aldrich; ACS Materials (NWAG04E1 AgNWs); Tuball Batt H₂O CNT 0.8 %; Cape Crystal Brands (alginate); Ward’s Science (glycerin); Whole Foods (sunflower oil),"Wet-spin: mix 4 g alginate + 5 g glycerin + 2.5 g oil + 150 g DI water (+ CNT/pigment) → degass → extrude with DIY syringe pump (14–16 G needle) into 10 % CaCl₂ bath (2 min) → rinse → air-dry on warping board. Coating: prepare 0.4 % CMC (60 °C, 2 h) → mix AgNWs:CMC = 4:1 → pull cotton thread through mixture → oven dry 60 °C for 5 min × 3 layers → characterize resistance.","Biodegradable conductive or color-changing threads for weaving, knitting, embroidery, and braiding",AgNWs–CMC coated cotton: ≈ 0.85 Ω / inch (after 3 layers at 0.1 % CMC); CNT–alginate wet-spun: ≈ 1.38 Ω / cm (at 3.3 % CNT); tensile strength improved with 0.4 % CMC additive,Threads show tunable conductivity and color response; biodegrade within ≈ 14 days (compost or soil),Sustainable e-textiles for rapid prototyping and transient biosensing; educational and artistic applications,Reduced tensile strength vs synthetics; viscosity variation affects uniformity; manual fabrication variability,"Mix alginate ink → extrude into CaCl₂ bath 2 min → rinse and dry → alternatively coat cotton threads (AgNWs:CMC 4:1, 3× layers at 60 °C) → integrate via weaving/knitting → measure resistance and biodegradation performance",
ECSkin: Tessellating Electrochromic Films for Reconfigurable On-skin Displays,2024,"Proceedings of the ACM on Interactive, Mobile, Wearable and Ubiquitous Technologies (IMWUT) / UbiComp","Visual display of physiological or contextual information (e.g., posture, hydration, mood, activity cues)",Electrochromic color-change sensing and display using modular PEDOT:PSS-based EC cells,Silicone tattoo paper substrate with vinyl sticker paper base and conductive fabric traces,"Silicone tattoo paper (Amazon); vinyl sticker paper (craft stores); conductive fabric tape (Cobaltex, LessEMF); Ag/AgCl conductive ink (Kayaku AgCl-675); small magnets (Amazon)",PEDOT:PSS (Sigma 768650) as electrochromic ink; CNT dispersion (TUBALL Batt-H₂O) as counter electrode; ion gel electrolyte (4 : 1 : 10 EMI[TFSA] : PVDF : acetone); Ag/AgCl conductive ink for contacts; conductive fabric tape for leads,"Sigma Aldrich (PEDOT:PSS); TUBALL (CNT dispersion); Solvionic (EMI[TFSA]); Sigma (PVDF, acetone); Kayaku (AgCl-675); LessEMF (conductive fabric); Amazon (magnets, tattoo paper)",Screen-print PEDOT:PSS and CNT layers on vinyl sticker paper → cure 90 °C × 30 min → laminate onto silicone tattoo paper → paint Ag/AgCl contacts → apply conductive fabric traces → cast ion gel (4 : 1 : 10 EMI[TFSA] : PVDF : acetone) → solvent-cast 60 °C → attach magnets for modular connections → insulate backing,"Reconfigurable electrochromic modules (2.3–2.5 mm thick) arranged as tessellations (square, diamond, arc) forming on-skin displays",Color contrast ΔE* ≈ 35 @ 5 V; switching time = 25 s @ 3.7 V → 10 s @ 12 V; power ≤ 2.7 mW @ 5 V (0.5 mA); bend radius ≈ 1 cm; visible contrast > 25 ΔE* for addressable modules,"Low-power, flexible, skin-safe electrochromic modules with clear visible contrast; manual or addressable control (DS2413 + Teensy 3.2); reconfigurable tessellation layouts",Wearable reconfigurable on-skin displays; posture and activity feedback; ambient mood or hydration cues; educational EC fabrication toolkit,Monochrome (blue ↔ colorless) only; moderate switching speed; solvent handling requires ventilation; magnet polarity alignment issues during assembly,Screen-print PEDOT:PSS + CNT inks → cure → laminate on silicone tattoo substrate → add Ag/AgCl contacts and conductive fabric traces → cast ion gel (4 : 1 : 10) → dry 60 °C → assemble magnets and insulation → test color change at 3.7–12 V,
ecSkin: Low-Cost Fabrication of Epidermal Electrochemical Sensors for Detecting Biomarkers in Sweat,2024,ACM CHI Conference on Human Factors in Computing Systems,Glucose and cortisol in sweat,"Electrochemical sensing using printed conductive inks, characterized with cyclic voltammetry (CV) and chronoamperometry, followed by machine learning-based concentration prediction","PET sheet (for final biosensing), tattoo paper, and silicone sheet (tested for compatibility)","Generic lab-supply PET sheets, Silhouette tattoo paper (craft stores), silicone sheets (Amazon)",Graphite + alkyd wood varnish (1:2 ratio) + 5 wt% powdered imitation gold leaf additive (V2 formulation); alternative oleogel ink (graphite + beeswax + olive oil); reference electrode: Ag/AgCl silver ink,"Sigma-Aldrich (graphite, alkyd varnish, Ag/AgCl ink); Amazon (imitation gold leaf, beeswax, olive oil); Pickering Labs (artificial sweat); Palmsens (EmStat Pico 4S potentiostat)",Mask PET with tape → cut stencil (plotter) → print Ag/AgCl reference electrode and cure 65 °C × 15 min → print working and counter electrodes with varnish-based ink (V2) → air-cure 6–8 h → connect to potentiostat for testing,"Three-electrode printed biosensing patch on PET substrate (working, counter, and reference electrodes)","Characterized via CV in ferricyanide (−0.5–0.5 V, 20–200 mV/s) and in artificial sweat spiked with biomarkers; glucose and cortisol peaks at −0.36 V and −0.22 V respectively; Random Forest regression (600 samples) gave R² ≈ 0.95 for glucose and 0.92 for cortisol",Stable current responses and distinct redox peaks corresponding to glucose and cortisol; accurate machine learning prediction from current–voltage features,Non-invasive epidermal biosensing for glucose and cortisol; printable low-cost health-monitoring patches; potential integration with on-skin interaction interfaces,Oleogel brittle and poorly adherent to PET; varnish ink needs ~6 h curing; limited repeatability under high sweat exposure; minor surface roughness artifacts,"Formulate varnish-based ink (4 g graphite + 2 g varnish + 0.3 g gold leaf + 5–7 mL acetone, stir 85 °C 15 min) → stencil-print Ag/AgCl reference → cure 65 °C 15 min → print working and counter → dry 6–8 h → test CV/CA in artificial sweat → optionally train Random Forest regressor for glucose/cortisol concentration prediction",
"ElectroDermis: Fully Untethered, Stretchable, and Highly-Customizable Electronic Bandages",2019,ACM CHI Conference on Human Factors in Computing Systems,"Physiological signals (heart rate, skin temperature, motion, wound color) and contextual sensing (environment color, gestures)","Multimodal sensing and display via stretchable electronic bandage integrating PPG, temperature, accelerometer, and camera modules",Spandex-blend fabric laminated with TPU adhesive and 3M Tegaderm medical adhesive; PDMS processing bed for circuit patterning,"Spandex-blend fabric (Amazon / Jo-Ann); TPU film (Bemis 3412); Tegaderm adhesive (3M); PDMS (Sylgard 184, Dow Corning)","Copper foil (DuPont FR7031, 70 µm) patterned into serpentine interconnects; TPU adhesive (Bemis 3412); anisotropic conductive tape (3M ECATT 9703); electronic modules (nRF52 MCU, MAX30101 PPG, MPU6650 accelerometer, MCP9808 temperature sensor, BNO055 9-DOF IMU, TCS34725 camera)","DuPont (FR7031 copper film); Bemis (TPU); 3M (ECATT 9703, Tegaderm); Dow Corning (PDMS); Nordic Semiconductor, Maxim, Bosch, Microchip (IC modules)","Laminate copper film on PDMS → UV laser micromachine serpentine traces (2 W, 135 mm/s, 18 passes) → laminate TPU (120 °C, 30 s) → attach IC modules with ECATT 9703 tape → embed in Poron foam mold → laminate on spandex (120 °C, 60 s) → apply Tegaderm adhesive → cut openings for modules",Stretchable wireless electronic bandage with BLE communication,"Traces withstand 165 % elongation (ΔR < 10 %); LED circuit operational up to 70 % strain; continuous wireless sensing for heart rate, temperature, and motion","Highly stretchable, skin-conformal, and reusable electronic bandage maintaining electrical integrity under strain; stable BLE communication and multimodal sensing","Physiological monitoring, motion tracking, wound healing, ambient color visualization, and interactive wearable cosmetics",Requires UV laser micromachining; not washable; limited local stretch due to rigid IC islands; adhesive replacement needed after each use,Scan body region → flatten 3D surface → laser-pattern copper → laminate TPU → mount IC modules via ECATT tape → laminate onto spandex → apply Tegaderm → attach to skin → connect via BLE for sensing,
E-seed: Shape-Changing Interfaces That Self-Drill,2020,ACM UIST (User Interface Software and Technology),Humidity and environmental parameters (self-drilling response); optional temperature or light sensors when embedded,"Passive hygromorphic actuation through humidity-responsive wood composites with optional electronic sensing modules (RFID, temperature, light)",White oak wood veneer with flour-based tip and electrostatically flocked pony hair,"White oak veneer (local lumber suppliers); NaOH (Belle Chemical); ethyl cellulose (Sigma-Aldrich); pony hair (natural suppliers); flour and water (grocery); optional electronics (Adafruit, Formlabs)","Wood veneer softened with 10 wt% NaOH, flour dough tip coated with ethyl cellulose, and 2 mm pony hair flocked electrostatically for surface friction","Belle Chemical (NaOH); Sigma-Aldrich (ethyl cellulose); Adafruit (RFID, light sensors); Formlabs (3D molds)","Laser-cut oak veneer → soften in 10 % NaOH (80 °C, 7 h) → wrap on 3D mold → bake 60 °C, 6 h → mold flour tip (112 g flour + 42.5 mL water), dry 24 h → dip-coat ethyl cellulose (1–3×) → electrostatic flocking with 2 mm pony hair → optional sensor/electronic embedding → deploy in soil for humidity cycles",Humidity-driven self-drilling actuator with optional integrated sensors in capsule form,Self-drilling tests in humidity-controlled chamber (3 s on / 37 s off misting cycles); 4 hydration–drying cycles achieved 30–80 % burial; stable rotation for up to 8 cycles; withstands 12–20 m/s wind,"Autonomous, humidity-responsive morphing structures that embed into soil and can optionally host small environmental sensing modules (temperature, humidity, light, RFID)","Environmental monitoring, soil-embedded sensors, self-deploying agricultural probes, post-fire seeding robots",No full outdoor validation; manual tip fabrication; hair flocking degrades after repeated wet/dry cycles; limited soil-type generalization,Laser-cut veneer → NaOH soften → mold + bake → prepare flour tip + ethyl cellulose coat → flock pony hair → assemble optional sensing electronics → dry → deploy in humidity chamber or soil → observe self-drilling,
Sketch&Stitch: Interactive Embroidery for E-Textiles,2018,ACM CHI Conference on Human Factors in Computing Systems,Touch and proximity sensing on textiles,Capacitive and resistive touch sensing through embroidered conductive traces integrated into fabric artwork,"Cotton, linen, or leather fabrics within embroidery hoop","Commercial cotton or linen fabrics (Joann Fabrics, Amazon Basics); standard embroidery backing materials",Conductive Shieldex 117/17 dtex 2-ply silver thread (< 30 Ω/cm); non-conductive embroidery thread for insulation; 3M Z-tape 97033 for component attachment; Circuitry Stickers printed on adhesive paper,Shieldex (EMPA / LessEMF); 3M (97033 Z-tape); LilyPad Arduino (Adafruit); embroidery thread (Amazon),Sketch artwork and circuit on fabric → place Circuitry Stickers → capture image with phone → computer-vision digitization → embroidery machine stitches conductive and insulating threads → replace stickers with components (via Z-tape or LilyStitch) → connect to LilyPad microcontroller → test touch response,Embroidered textile touch and slider interfaces stitched directly onto fabric,"Resistivity 5–12 Ω (5 cm satin stitch, 0.8 mm width); insulation effective with 1.5 mm satin stitch; 4×4 touch grid error ≈ 2.2 ± 0.7 mm",Accurate touch input and reliable embroidered conductive paths; visually integrated circuit and art patterns,"Fashion and wearable interfaces, interactive textile art, touchpads, and sliders for smart clothing",Manual alignment for component placement; dependent on lighting for pen recognition; limited washability; thread fraying with dense stitches,Sketch + place stickers → capture → digitize → machine embroider conductive and insulating threads → attach LilyPad components via 3M Z-tape or LilyStitch → test capacitive touch sensing and LED response,
Flavorium: An Exploration of Flavobacteria’s Living Aesthetics for Living Color Interfaces,2022,ACM CHI Conference on Human Factors in Computing Systems,"Humidity, temperature, and microbial activity",Biological colorimetric sensing using structural color formation in living Flavobacteria colonies,"Nutrient agar substrate with black food pigment, contained in Petri dishes and a custom humidity-controlled Flavorium bioreactor",Sigma-Aldrich (agar); Thermo Fisher (marine broth); VWR (Petri dishes); black food pigment (commercial),Living Flavobacteria Cellulophaga lytica forming photonic-crystal-like microstructures that diffract light based on environmental conditions,Hoekmine BV (Flavobacteria strain); Sigma-Aldrich / Thermo Fisher (media and reagents),"Prepare agar + black pigment → sterilize 121 °C → pour into Petri dish → inoculate with Flavobacteria → seal with parafilm → incubate 7 days at RT → optionally mount in Arduino-controlled Flavorium bioreactor with humidity sensor, humidifier, camera, LED ring → capture daily RGB images",Biological living-color interface with iridescent structural coloration,"Controlled tests at 35%, 65%, 95% RH: colony growth rate ~5 mm/day at 95%; color and texture quantified by RGB imaging (30°–75° illumination); hue and brilliance correlate with humidity",Responsive living bacterial colonies showing humidity-dependent color and texture change; optical lifetime ~1 week (Petri dish) or ~1 month (Flavorium),"Living color displays for ambient data visualization, plant/soil humidity indicators, temporal art, and environmental awareness interfaces",Requires sterile biolab; humidity sensitivity; lifespan ~7–30 days; slow optical response; ethical considerations for living media,Prepare agar + pigment → inoculate Flavobacteria → seal and incubate → optionally integrate into Flavorium (humidity control + camera) → image and analyze color/texture evolution,
Sensitive Colorimetric Sensors for Visual Detection of Carbon Dioxide and Sulfur Dioxide,2015,Journal of Materials Chemistry A,Carbon dioxide (CO₂) and sulfur dioxide (SO₂),Colorimetric gas sensing via acid–base reaction between tertiary amino alcohols and target gases using immobilized pH indicators,Porous γ-aluminum oxide pellets (Al₂O₃) as solid support,Alfa Aesar (γ-Al₂O₃ pellets),"Tertiary amino alcohols (DMEA, MDEA, TEA, DMAH) with pH indicators (cresol red, phenol red, bromothymol blue); optional coupling agent GPMS for grafting","Sigma-Aldrich (amino alcohols, dyes, gases); Gelest (GPMS silane); Alfa Aesar (γ-Al₂O₃)","Soak 2 g γ-Al₂O₃ in 10 mmol amino alcohol (THF, 48 h) → evaporate → soak in 10 mM dye solution (30 min) → dry; for covalent version: silanize with GPMS (110 °C, N₂, overnight) → react with amine (72 h reflux) → dye immobilization → dry → test under CO₂/SO₂ flow",Porous colorimetric pellets for visual gas detection,"CO₂: <10 s response at 500 ppm, 5 s at ≥1500 ppm; SO₂: visible at 0.2 % v/v; reversible in 15–20 s under air/N₂; stable ≥1–3 months depending on grafting",Color change purple ↔ yellow (cresol red) or blue ↔ green (BTB) upon exposure to CO₂/SO₂; reversible and visible to the naked eye,"Low-cost visual CO₂ and SO₂ monitoring for air-quality, flue gas, or confined-space safety detection",Requires dry conditions; limited durability under humidity; amine evaporation; dye photobleaching over repeated cycles,Soak γ-Al₂O₃ pellets in tertiary amino alcohol → dry → immerse in dye solution → dry → expose to CO₂/SO₂ → regenerate by N₂ purge or mild heating; optional GPMS silane grafting for longer shelf life,
Isolation and Characterization of Anthocyanins from Hibiscus sabdariffa Flowers,2016,Journal of Natural Products,pH sensitivity and acid–base equilibrium behavior,Colorimetric pH sensing via structural transformations of natural anthocyanins (flavylium ↔ quinonoidal base ↔ hemiketal ↔ chalcone),Dried calyces of Hibiscus sabdariffa flowers (powdered botanical substrate),"Commercial food-grade or analytical hibiscus calyces (local market, Amazon, Sigma-Aldrich)","Delphinidin-3-O-sambubioside (Dp-samb) and Cyanidin-3-O-sambubioside (Cy-samb) anthocyanins extracted from hibiscus; ethanol, formic acid, and water used as solvents","Sigma-Aldrich (ethanol, formic acid); Thermo Fisher Scientific (analytical reagents); local/online botanical suppliers (hibiscus flowers)","Grind dried hibiscus calyces → extract with 80:20 EtOH/H₂O + 5% HOAc (ultrasound 30 min) → filter and evaporate → freeze-dry → fractionate (Sep-Pak C18, MeOH/H₂O gradient) → purify (HPLC, Toyopearl HW-40) → identify via HPLC-ESIMS, NMR, UV-Vis → analyze pH response via pH-jump kinetics",Natural anthocyanin pigment-based colorimetric pH indicator,"pK′ₐ = 2.92, pKₐ = 3.70, pKₕ = 3.02; copigmentation with chlorogenic acid gives 68 % absorbance enhancement and λₘₐₓ shift 523 → 531 nm",Reversible visible color change red ↔ purple with pH; stable in mildly acidic media; sensitive and reproducible optical response,"Natural, biosafe pH indicator for biosensing films, beverage acidity testing, cosmetic monitoring, and environmental sensing",Color instability at neutral/alkaline pH; degradation under light/heat; extraction yield depends on solvent composition; limited aqueous solubility,Extract hibiscus calyces → purify anthocyanins via C18 and HPLC → prepare solution or film → expose to varying pH → observe reversible red–purple color shift; optionally add copigment for improved stability,
Prototyping Soft Devices with Interactive Bioplastics,2022,ACM UIST (User Interface Software and Technology),"Deformation, touch/capacitance, EMG (bio-signal), and pressure sensing","Resistive and capacitive sensing using carbon-based bioplastic composites and gelatin/alginate conductive sheets, pastes, and foams","Alginate or gelatin sheets, carbon-loaded foams, and starch/CMC-based conductive pastes","Food-grade alginate (Biozoon), gelatin (Inka Foods), glycerin (Doktor Klaus), beeswax pellets (supermarket), organic dish soap (emulsifier)",**Sheets:** 5 g alginate + 80 mL water + 5 mL glycerin + 0.5 g carbon black; cure with 1 g Ca-lactate in 50 mL water.  **Gelatin sheet:** 10 g gelatin + 40 mL water + 5 mL glycerin + 1 g carbon black (heated ≈ 80 °C 5 min).  **Pastes:** 10 g CléoBio starch glue + 1.2 g carbon black (12 wt %) + 1 g graphite + 1 drop clove oil.  **Foam:** 10 g gelatin + 30 mL water + 3 mL glycerin + 0.5 mL dish soap + 1 g carbon black.  **Additives (optional):** 0.2 g TGase + 0.5 g sorbitol for strength.,"Biozoon (alginate); Inka Foods (gelatin); Doktor Klaus (glycerin); Vulcan XC 72R (Cabot Corp.); Gewürzland (charcoal); ProGraphite (graphite); CléoBio, Funcakes (adhesives)","Mix polymer (alginate/gelatin) + glycerin + carbon source in given ratios → pour into frame → dry 24–72 h (alginate/gelatin) or 30 min (foam) → cut via Cricut Maker 3 → stack conductive and insulating layers; for pastes, fold carbon mixture into adhesive and paint/stencil (air-dry 30 min); connect circuits via conductive paste or thread to Arduino","Flexible conductive and capacitive bioplastic sheets, pastes, and foams",Alginate bend sensor: 4.39 → 5.44 kΩ (SNR ≈ 25.6); EMG gelatin electrodes: SNR ≈ 21.8 dB; pressure foam: ~763 Ω / 100 g; sheet resistance 150–300 kΩ / □; tensile force 200–280 g @ 9 % elongation,Stable resistive/capacitive response to deformation and bio-signals; biodegradable and re-meltable bioplastic sensors,"Eco-friendly on-skin biosignal and deformation sensors, capacitive touch pads, sustainable DIY prototyping for HCI",Humidity-sensitive; drying 1–4 days; brittle at > 20 wt % carbon; lower precision than silicone; glycerin content affects flexibility,"Mix ingredients by given ratios → cure (Ca-lactate for alginate or dry gelatin) → cut traces → layer conductive / insulating sheets → connect Arduino voltage divider → test deformation, touch, EMG, or pressure sensing → compost bioplastic after use",
"iSkin: Flexible, Stretchable and Visually Customizable On-Body Touch Sensors for Mobile Computing",2015,ACM CHI Conference on Human Factors in Computing Systems,Touch and pressure on skin,Combined capacitive and resistive sensing using layered PDMS and carbon-doped PDMS (cPDMS) electrodes,Multilayer PDMS and cPDMS stack (700 µm total thickness),Sylgard 184 PDMS base and curing agent (Dow Corning / DuPont),PDMS mixed with acetylene carbon black (13 wt%) for conductive cPDMS; base PDMS (10:1 ratio); layered structure with top/bottom insulating PDMS and middle cPDMS electrode layer; patterned hexagonal spacers (1.5 mm diameter),Sylgard 184 (Dow Corning); acetylene carbon black (Alfa Aesar); Z-axis conductive tape (3M),"Mix PDMS base:curing agent 10:1; add 13 wt% carbon black for cPDMS (20:1 ratio mix); spin-coat PDMS/cPDMS (~100 µm films) → laser-pattern electrodes and traces (30 W, 1 mm width) → stack and bond layers with uncured PDMS → cure 60 °C, 2 h → perforate (1.5 mm hex pattern) → attach connectors via Z-tape → connect to Teensy MCU",Flexible on-skin capacitive and resistive touch sensor for light and firm pressure detection,Functional under 30% strain; bend radius 0.5 cm; capacitive SNR = 44.4; resistive SNR = 16.8; accuracy 92.5 ± 11.2% (capacitive) and 98.1 ± 2.8% (resistive); minimal trace width 1 mm,"Thin (~700 µm), stretchable, and customizable on-body touch sensor with two-level pressure detection and stable performance under bending","On-body gesture input for mobile devices, wearable sliders, click wheels, and discreet interface patches",High resistance of cPDMS limits resolution; slow recovery after stretch; rigid connectors; sensitivity drift over long-term use,Mix PDMS + carbon black (13 wt%) → spin-coat layers → laser-cut electrode pattern → stack PDMS/cPDMS layers → cure 60 °C 2 h → attach connector pads → link to Teensy 3.1 → calibrate and test capacitive/resistive touch on skin,
Like a Second Skin: Understanding How Epidermal Devices Affect Human Tactile Perception,2019,ACM CHI Conference on Human Factors in Computing Systems,"Tactile perception (sensitivity, spatial acuity, roughness discrimination)",Psychophysical sensing of tactile stimuli to quantify how different epidermal device rigidities affect perception,"PDMS (Sylgard 184, OE-6550) and temporary tattoo film substrates",Sylgard 184 and OE-6550 PDMS (Dow Corning); MG7-1010 adhesive; Silhouette Inkjet Printable Tattoo Paper,Sylgard 184 (E = 2.7 MPa) medium rigidity ~1.3×10⁻⁷ Nm; OE-6550 (E = 5.1 MPa) high rigidity ~1.2×10⁻⁵ Nm; tattoo paper (E ≈ 1 GPa) low rigidity ~1.7×10⁻⁹ Nm; PDMS adhesive MG7-1010 (Dow Corning),"Dow Corning (Sylgard 184, OE-6550, MG7-1010); Silhouette (tattoo paper)",Mix PDMS base:curing agent 10:1 → doctor-blade coat on PET → cure 95 °C 1 h → apply MG7-1010 adhesive → cure 95 °C 1 h → peel and cut 4.5×4.5 cm patches → measure thickness (optical microscope) → determine flexural rigidity by deflection → apply to skin for psychophysical testing,Epidermal film patches of varying flexural rigidity for tactile sensitivity testing,"16 participants (9F, mean age 27.4) tested across 3 experiments: tactile sensitivity, spatial acuity, roughness discrimination; sensitivity threshold increased 34.7 % (Low), 97.6 % (Med), 221.6 % (High); roughness discrimination error +487.7 % (High rigidity)",Increasing substrate rigidity reduces tactile acuity and roughness discrimination; low-rigidity tattoo substrates preserve touch while maintaining conformability,Design guidelines for epidermal and on-skin interfaces optimizing tactile fidelity vs durability,No vibrotactile or thermal tests; limited to PDMS and tattoo materials; small participant group,"Mix and cure PDMS (Sylgard 184 or OE-6550) → apply adhesive → cure → cut 4.5 cm patches → measure rigidity → apply to fingertip/hand → test tactile sensitivity (Von Frey), 2-point discrimination, and roughness recognition",
Integrating Living Organisms in Devices to Implement Care-based Interactions,2022,ACM UIST (User Interface Software and Technology),Heart rate (enabled only when organism is conductive),Bioelectrical sensing using Physarum polycephalum as a living conductive bridge controlling a heart rate sensor,Acrylic housing with magnetized wells and transparent lid for slime mold growth,"Acrylic sheet (laser-cut), neodymium magnets, PLA or resin 3D-printed enclosure","Living slime mold Physarum polycephalum cultured on oat flakes and water, bridging electrodes as a bio-conductive element",Carolina Biological Supply or Slime Mould Collective (Slimoco); Quaker oats; distilled water; neodymium magnets (Amazon),"Laser-cut acrylic wells → insert magnets and electrodes → seed dried Physarum in one well + oats + water in both → seal with transparent cover → connect to smartwatch circuit (Seeeduino Xiao, MAX3010 HR sensor, SSD1306 OLED, LRA motor, RV-3028 RTC, 200 mAh Li-Po) → maintain humidity and feed oats twice daily → observe bridge growth and conductivity",Smartwatch platform integrating living organism as part of electrical circuit,"Conductive bridge forms in ≈12.7 ± 3.05 h; dries ≈16 ± 9.6 h; regrows ≈10.3 ± 4.9 h; resistance < 3.5 MΩ when active; human study (n=5, 9–14 days) showed users developed care and empathy toward device",Heart rate sensing active only when Physarum bridge is alive and conductive; demonstrates “care-based interaction” linking biological vitality to sensing functionality,"Wearable bio-interactive systems promoting care, empathy, and sustainable relationships with living devices",Requires constant feeding and moisture; limited environmental tolerance; variable growth speed; short operational lifespan; bioethics and contamination risks,Laser-cut acrylic enclosure → add magnets/electrodes → seed Physarum and oats → connect to smartwatch circuit → feed water/oats daily → monitor bridge conductivity enabling or disabling HR sensor; repeat growth/drying cycles for testing,
LivingLoom: Investigating Human–Plant Symbiosis Through Integrating Living Plants into (E-)Textiles,2025,ACM CHI Conference on Human Factors in Computing Systems,"Moisture, light, humidity, and touch sensing within plant-integrated textiles","Capacitive, moisture, and environmental sensing using seed-embedded hydrogel yarns and conductive textile structures","Seed-integrated hydrogel yarns woven into cotton, twill, or double-weave textile structures","Hydrogel polymer base and yarns fabricated in-lab; microgreen seeds (chia, broccoli) sourced commercially; cotton/twill fabrics from Joann Fabrics or equivalent","Hydrogel yarns containing microgreen seeds; conductive threads interwoven for capacitive sensing; flexible tubing (ID 1 mm, OD 2 mm) for irrigation; disc vibration motor and microcontroller for feedback","Amazon (microgreen seeds); McMaster-Carr (tubing 5233K111); SparkFun/Adafruit (pump, vibration motor, microcontroller); Joann Fabrics (base textiles)",Wet-spin hydrogel yarns with seeds → weave into textile forms → integrate conductive threads and irrigation tubing → attach 5 V peristaltic pump and vibration motor → connect to microcontroller → maintain daily watering and 6 h light exposure during 10-day growth cycle,Living textile platform with integrated plant growth and capacitive touch interaction,10-day growth cycle maintained; sprouts germinate within 2–3 days; capacitive sensing via chia sprout electrodes responsive to touch; self-watering validated with peristaltic pump; user study (n=10) confirmed emotional engagement and care motivation,"Healthy sprouting, responsive touch-sensing textiles, and functioning self-watering interaction; promotes sustainable and emotional connection between wearer and living materials","Wearable living textiles, bio-aesthetic eco-fashion, care-based interactive systems, sustainable HCI prototypes",Requires daily watering and sunlight; fragile during early growth; sprouts dry under low humidity; electronics limited by moisture exposure,Wet-spin hydrogel yarns with seeds → weave into textile (double/waffle weave) → integrate conductive threads and tubing → connect pump and controller → grow 10 days under sunlight → test touch sensing and self-watering performance,
Lotio: Lotion-Mediated Interaction with an Electronic Skin-Worn Display,2023,ACM CHI Conference on Human Factors in Computing Systems,"Lotion presence, lotion type, and touch events on skin",Resistive sensing and electrochromic display actuation using PEDOT:PSS films activated by applied lotion as electrolyte,"Cellulose acetate film or 3M Micropore surgical tape (biodegradable, skin-safe, lotion-permeable)","Commercial cellulose acetate sheets; 3M Micropore surgical tape (medical stores, Amazon)","PEDOT:PSS mixed with DMSO (7:3 ratio) as conductive and electrochromic layer; copper tape for connections; lotion (sunscreen, moisturizer, ointment, sanitizer) as electrolyte","Sigma-Aldrich (PEDOT:PSS, DMSO); 3M (Micropore tape); Adafruit/SparkFun (Arduino, ATtiny85); retail pharmacy lotions",Mix PEDOT:PSS : DMSO (7:3) → airbrush onto acetate/tape on 120 °C plate (~1 µm film) → dry → laser-cut pattern → transfer to skin → connect copper leads → apply lotion (~1 µm) to activate electrochromic response → observe color change and current response,Electrochromic skin-worn display activated by lotion application,1–5 V operation; color switching <3 s for sunscreen/moisturizer; bistable color >10 min; dry vs lotion touch differentiated by ~30 µA current; unique current/time profiles for each lotion type,"Visible, low-power, color-changing skin display responsive to lotion application and touch; self-care feedback through electrochromic color modulation","Ambient skin displays, sunscreen reminders, cosmetic computing, hydration or medication feedback patches",PEDOT:PSS layer fragile under alcohol sanitizers; sweat can cause false activation; requires external microcontroller and power source; limited scalability,Mix PEDOT:PSS + DMSO (7:3) → airbrush on substrate at 120 °C → dry and laser-cut → transfer to skin → attach copper leads → apply lotion to activate color change → test lotion differentiation and bistability,
MediKnit: A Textile-Based Physiological Sensing Framework for Wellness and Care Applications,2024,"ACM IMWUT (Proceedings of the ACM on Interactive, Mobile, Wearable and Ubiquitous Technologies)","Heart rate, respiration, touch, and body movement","Multimodal bioimpedance, capacitive, and resistive sensing using knitted textile electrodes and conductive yarn structures",Knitted spandex–cotton blended fabric with interwoven conductive and insulating yarns,Base fabric from Hohenstein Institute or commercial knitting mills; conductive yarns (silver-plated nylon) from Shieldex,Conductive yarns (Shieldex 117/17 dtex 2-ply silver-plated nylon); insulating polyester/cotton yarns; Ecoflex 00-30 silicone coating; snap connectors or conductive threads for MCU linkage,Shieldex (conductive yarns); Smooth-On (Ecoflex); Arduino Nano 33 BLE or ADS1292 AFE (Adafruit/SparkFun); commercial textile mills,"Design knit pattern (single jersey, rib, purl) → knit using Shima Seiki SWG061N machine → integrate conductive yarn electrodes at target zones → apply thin Ecoflex coating → sew snap buttons/conductive threads → connect to ADS1292 analog front-end or Arduino BLE → calibrate respiration and heart rate channels",Knitted textile platform for physiological and interactive sensing,Respiration: impedance Δ ~0.15 Ω (inhale/exhale); heart rate: 93.4 % correlation with ECG; capacitive touch SNR 28.3; stretch linear up to 35 % (ΔR/R₀ ≈ 0.48); washable up to 20 cycles (<10 % loss),"Stable, comfortable, and washable multi-sensor textile for respiration, heart rate, touch, and motion detection","Wearable health monitoring, elder care, interactive clothing, and stress or sleep tracking systems",Hysteresis under >40 % stretch; humidity affects capacitance; machine tolerance variations; requires shielding for clean bioimpedance data,Knit spandex–cotton fabric with conductive yarns → coat Ecoflex → attach connectors → link to ADS1292 or Arduino → calibrate respiration and HR → test touch and stretch → wash test and validate comfort/durability,
Multi-Touch Skin: A Thin and Flexible Multi-Touch Sensor for On-Skin Input,2018,ACM CHI Conference on Human Factors in Computing Systems,Touch and gesture sensing on skin,Mutual-capacitance sensing using flexible printed transmitter and receiver electrodes for multi-touch input,Temporary tattoo paper with PVC and PET film dielectric layers,Commercial tattoo decal paper (Amazon); PVC film (30 µm); PET film (Mitsubishi Paper Mill),"Silver conductive ink (Mitsubishi NBSIJ-MU01, 0.2 Ω/□); PEDOT:PSS polymer (Gwent C2100629D1); carbon ink (Gwent C2130925D1); dielectric paste (Gwent D2070209P6 or R2070613P2); optional gold leaf for aesthetic electrodes","Mitsubishi Paper Mill (silver ink, PET film); Gwent Group (PEDOT:PSS, dielectric pastes); 3M (Z-axis tape); Amazon (tattoo paper)","Print transmitter, receiver, and shield electrodes on tattoo-paper substrates → sandwich with PVC dielectric (~30 µm) → bond using tattoo adhesive layers → align and laminate → connect via FFC to MTCH6303 controller → interface to Raspberry Pi Zero (100 Hz sampling)",Flexible on-skin mutual-capacitance multi-touch sensor,SNR = 31.6–52.6 (shielded) vs 2.4–5 (unshielded); accuracy 0.72–1.49 mm across flat/wrist/finger; resolves 2 touches at ~7 mm spacing; stable at 100 Hz update rate,"Accurate, thin (<80 µm) multi-touch sensor for curved skin surfaces with high SNR and sub-mm accuracy","On-skin input patches, wearable gesture control, smartwatch strap interfaces, and behind-ear gesture sensors",Brittle dielectric pastes prone to cracking; gold leaf fragile for small electrodes; accuracy drops on extreme curvature; limited connector flexibility,Screen print silver/PEDOT transmitter and receiver layers on tattoo paper → add PVC dielectric → stack and align → bond with tattoo adhesive → connect via FFC to MTCH6303 controller → test multi-touch accuracy and SNR on body,
Myco-Accessories: Sustainable Wearables with Biodegradable Materials,2019,ACM International Symposium on Wearable Computers (ISWC),No direct sensing; focuses on material sustainability and embedded illumination,Biofabrication and sustainable wearable design using mycelium skins embedding reusable electronic components,Mycelium skin (grown from fungal substrate) flattened and cured with glycerin for flexibility,"Grow.bio mycelium kit; flour, water, glycerin, cornstarch glue (food-grade)","Mycelium substrate (fungal composite); embedded LEDs, coin batteries, Neopixel rings, switches laminated between two mycelium layers","Grow.bio (mycelium substrate); Adafruit/SparkFun (LEDs, Neopixels, batteries); Amazon (glycerin); homemade cornstarch glue",Activate mycelium kit (flour + water) → incubate 7–10 days → mold + incubate 4–8 days → peel + flatten → cure with glycerin (1–2 days) → embed LED circuit between two mycelium layers → glue with cornstarch → laser cut/stitch → dry and test illumination,Biodegradable illuminated wearable accessories with reusable electronics,Mycelium skins grown 30–40 days; thickness 0.5–2 mm; flexible after glycerin treatment; electronics functional and reusable; biodegrades within ~90 days after composting,Functional biodegradable accessories with embedded LEDs demonstrating closed-loop wearable fabrication and compostable design,"Sustainable wearable fashion, biofabrication education, eco-friendly e-textile prototyping, and HCI material exploration",No electrical sensing; long growth time (30–40 days); odor and texture variability; fragile in humidity; irregular surfaces,Grow mycelium substrate → flatten and cure with glycerin → embed and laminate circuit between two skins → glue with cornstarch → laser cut + stitch → dry → test illumination → reuse electronics and compost mycelium,
Nail pHolish: Sensing Hand-Fluid Interactions Through Biocosmetic Interfaces,2024,ACM International Symposium on Wearable Computers (ISWC),pH of bodily fluids and environmental liquids,Colorimetric pH sensing using anthocyanin-based biocosmetic nail polish with optical readout via spectrophotometer or app,Water-based nail polish applied on natural or artificial fingernails,Commercial water-based nail polish base; cosmetic-grade red cabbage powder (anthocyanins) and non-nano titanium dioxide pigments,"Red cabbage powder (anthocyanins) as pH-sensitive pigment; titanium dioxide for opacity; nail polish base with styrene/acrylates copolymer, polyacrylic acid, propylene glycol, phenoxyethanol, caprylyl glycol; optional top coat","Sigma-Aldrich (red cabbage pigment, TiO₂); DIY cosmetic suppliers (nail polish base); Nix Sensor Ltd. (Spectro 2 colorimeter)",Grind 0.1 g TiO₂ + 0.2 g red cabbage powder → mix with 3 g nail polish base → stir 5 min → transfer to bottle → apply 1 coat → air dry 2 h → expose to pH 5–8.5 liquids (color change pink → purple → blue-green) → test reversibility under repeated cycles → record optical data via spectrophotometer,Color-changing pH-sensitive nail polish for fluid interaction detection,"pH range 5–8.5; reversible color transitions (pink ↔ blue-green); wear duration up to 72 h; pH measurement accuracy ±0.2; maintains color under daily use (washing, cooking); user usability rating 6.8/7",Visible and reversible pH-dependent color change integrated into nail polish; detects acidity of fluids via naked-eye or app-based readout,"Health monitoring (oral, sweat, reproductive fluids); environmental acidity detection (rain, beverages); cosmetic and educational bio-HCI applications",Pigment fading after multiple cycles; 2–3 day wear limit (water-based base); limited to pH detection only; thickness sensitivity on curved nails,Grind pigment + TiO₂ → mix with nail polish base → bottle → apply on nail → dry 2 h → test under different fluids (pH 5–8) → measure RGB via spectrometer → recalibrate color library for app readout,
"Organic Primitives: Synthesis and Design of pH-Reactive Materials Using Molecular I/O for Sensing, Actuation, and Interaction",2017,ACM CHI Conference on Human Factors in Computing Systems,pH of liquids and biological fluids,"Colorimetric, olfactory, and shape-based molecular sensing and actuation using biopolymer films responsive to pH","Kappa-carrageenan, sodium alginate, and chitosan biopolymer films","Food-grade sodium alginate, kappa-carrageenan, chitosan, citric acid, sodium bicarbonate, and calcium sulfate from culinary/chemical suppliers",Anthocyanin pigment (0.1% w/v) for color sensing; vanillin (0.12% v/v) for odor actuation; chitosan (4% w/v in 3% acetic acid) for swelling actuation; calcium sulfate crosslinker; acids/bases for pH control (2–10),"Modernist Pantry (alginate, carrageenan); Sigma-Aldrich (vanillin, chitosan, calcium sulfate, acetic acid); Enasco (anthocyanin)","Dissolve selected biopolymer (1.5–4% w/v) → add dopant (anthocyanin/vanillin/chitosan) → cast into mold → dry 12–24 h → crosslink alginate with calcium sulfate (15:100) → test under pH 2–10 solutions → record responses (color, odor, shape) → optionally combine primitives for multi-modal response",Edible and biodegradable molecular materials acting as pH-responsive sensors and actuators,"Color change (pH 2 red → pH 10 green, 50–90 s); odor ON (pH 2–8), OFF (pH 9–10, <5 s); chitosan bending in 10 min at pH 3–8; user recognition of odor intensity accurate across pH range","Soft, self-contained materials that sense and actuate through molecular mechanisms without electronics; biocompatible and reversible within moderate pH range","Environmental pH sensing, edible cosmetics, body-fluid monitoring, food interfaces, and interactive packaging",Requires liquid pH input; limited reversibility at extreme pH; odor loss over repeated cycles; 12–24 h drying; humidity affects durability,"Prepare alginate/carrageenan/chitosan base → mix dopant (anthocyanin/vanillin) → cast film → dry → crosslink → expose to pH 2–10 → observe color, odor, or shape response → combine primitives for hybrid output",
PhysioSkin: Rapid Fabrication of Skin-Conformal Physiological Interfaces,2020,ACM CHI Conference on Human Factors in Computing Systems,"Surface electromyography (sEMG), electrocardiography (ECG), and electrodermal activity (EDA)",Bioelectrical and capacitive sensing using digitally fabricated ultra-thin printed electrodes on skin or textiles,"Tattoo paper, thermoplastic polyurethane (TPU), PDMS, PET film, and textile transfer film (SKULLPAPER)","Tattoo paper (SUNNYSCOPA, Amazon); TPU film (3M/custom suppliers); PDMS (Dow Corning Sylgard 184); PET (Mitsubishi); textile transfer film (SKULLPAPER Premium)",Silver nanoparticle ink (Cabot CCI-300); PEDOT:PSS conductive polymer; PVP dielectric (5–6 layers); soft skin adhesive (MG7-1010); optional copper tape/FPC connectors,"Cabot (Ag ink); Heraeus (PEDOT:PSS); Sigma-Aldrich (PVP); Dow Corning (SSA MG7-1010, PDMS); Adafruit (connectors); SKULLPAPER (transfer film)","Design electrodes (10–12 mm) → inkjet print silver nanoparticle ink → heat-cure (100–120 °C, 10–15 min) → optionally add PEDOT:PSS layers → print PVP dielectric (5–6 layers) → apply skin adhesive → laser cut and align → transfer to skin or textile → connect via FPC/copper tape → calibrate for EMG/ECG/EDA and record at 250 Hz",Custom multi-modal skin and textile interfaces for physiological signal acquisition,"EMG SNR: 20–25 dB (tattoo), ECG SNR: 6.3 dB (tattoo vs 7.45 dB commercial), EDA correlation: 0.95 ± 0.01 (tattoo); fabrication <20 min; 8 participants validated performance","Low-cost, flexible, and high-fidelity physiological sensing comparable to gel electrodes; customizable substrates enable diverse use cases","Fitness and wellness tracking, emotional VR logging, touch-integrated biointerfaces, and rapid HCI prototyping",SNR below medical grade for ECG; PET variant non-stretchable; PDMS requires plasma pretreatment; adhesion weakens under sweat or prolonged wear,Inkjet-print silver ink on chosen substrate → heat cure → add PEDOT:PSS + PVP dielectric → apply skin adhesive → laser cut → transfer to skin → connect via FPC → calibrate and record EMG/ECG/EDA signals,
SCOBY Breastplate: Slowly Growing a Microbial Interface,2023,"ACM Tangible, Embedded, and Embodied Interaction (TEI)","Touch intensity (light, medium, heavy) through microbial biofilm",Capacitive sensing using activated carbon–coated SCOBY biofilm with LED feedback,Dried microbial cellulose (SCOBY) layers grown in sweet tea medium over mannequin molds,"DIY-grown SCOBY from GT’s Kombucha starter; sugar, black tea, and olive/coconut oil from grocery sources",Activated carbon paint for conductivity; SCOBY cellulose film as dielectric; waterproof LED strip; Adafruit Feather 32u4 Basic Proto; 3.7 V 150 mAh Li-ion battery,"GT’s Kombucha (starter culture); Adafruit (Feather, LEDs, battery); Sigma-Aldrich/Amazon (activated carbon); food-grade tea, sugar, oils (supermarket)","Brew 3.3 L sweet tea + 200 g sugar + 3 tea bags → cool → add 500 mL kombucha starter → incubate 3 weeks/layer (5 mm) → harvest and oil-treat SCOBY → dry 2–5 days → stack 4 layers (shape, support, LEDs, conductive SCOBY) → laser cut (Epilog M2, 30/70) → connect to Feather microcontroller → map touch intensity to LED PWM brightness",Grown microbial interface wearable with capacitive sensing and illumination,Tensile strength 6.84–8.06 MPa; elongation 3.83–27.13 %; detects 3 pressure levels; LED brightness mapped to touch; biodegrades 96 % (plain) / 84 % (conductive) in 30 days,"Biodegradable touch-sensitive wearable integrating SCOBY growth with digital interactivity; explores slow, sustainable fabrication and living material HCI","Sustainable microbial wearables, slow design education, biodegradable fashion, DIYBio interfaces",Slow growth (13 weeks total for 4 layers); material variability; fragile in humidity; limited capacitance uniformity,Brew tea + sugar + starter → grow SCOBY 3 weeks/layer → oil-treat + dry → mold on mannequin → embed LEDs + carbon SCOBY → connect microcontroller → test LED brightness by touch → compost after use,
Silicone Devices: A Scalable DIY Approach for Fabricating Self-Contained Multi-Layered Soft Circuits Using Microfluidics,2018,ACM CHI Conference on Human Factors in Computing Systems,"Touch, proximity, pressure, and strain sensing",Capacitive and resistive sensing using multi-layer PDMS circuits with Galinstan liquid-metal microchannels and embedded components,"Polydimethylsiloxane (PDMS) silicone, cast in multi-layer configuration with embedded components",PDMS (Silicones & More Transparent 15 Fast); vinyl masks; acrylic buildplates; silicone primer (BISON); Galinstan liquid metal (Sigma-Aldrich),"Galinstan (gallium–indium–tin alloy) for conductive channels; PDMS as insulating matrix; silicone primer for adhesion; copper pads, SMD ICs, LEDs, batteries, and microcontrollers embedded within layers","Silicones & More (PDMS); Sigma-Aldrich (Galinstan); BISON (primer); Adafruit (LEDs, microcontrollers, coin batteries); local hardware suppliers (acrylic sheets)",Design in EAGLE/Illustrator → engrave component layer → place SMD parts → spray silicone primer → mold and cast PDMS → transfer to secondary plate → laser-cut vinyl masks → paint Galinstan channels → peel mask → coat PDMS (~300 µm) → cure 15 min → add VIAs (4 mm) → fill with Galinstan → seal → integrate components and cure,"Stretchable and self-contained PDMS circuit integrating sensors, components, and power",Resistive stability: +0.16 Ω (5.7 %) after 1000 cycles at 200 % strain; strain range up to 400 %; capacitive touch range 0–7 cm; strain sensing 190–650 Ω (0–150 %); pressure tunable by PDMS thickness (Shore A 15–40); workshop users fabricated devices <4 h,"Durable and reconfigurable soft circuit platform with conductive microchannels for touch, proximity, pressure, and strain sensing","DIY stretchable wearables, soft robotics, interactive surfaces, and health-monitoring prototypes",Manual process (1–4 h fabrication); thick (~1 mm); opaque Galinstan; precision required for layer transfer and VIA filling,Design circuit → cast PDMS layers → laser-cut masks → paint Galinstan → seal with PDMS → form VIAs → embed LEDs/microcontroller → cure and test strain and capacitive response,
SkinMarks: Enabling Interactions on Body Landmarks Using Conformal Skin Electronics,2017,ACM CHI Conference on Human Factors in Computing Systems,"Touch, squeeze, and bend sensing on skin and body landmarks","Capacitive, resistive, and electroluminescent multimodal sensing using printed PEDOT:PSS and silver inks on temporary tattoo substrates",Temporary tattoo decal paper (SUNNYSCOPA) multilayer stack (~4–46 µm),SUNNYSCOPA tattoo paper (Amazon); standard 140TT screen mesh; conductive inks from Gwent Group,PEDOT:PSS (Gwent C2100629D1) for transparent electrodes; silver ink (Gwent C2131014D3) for strain sensors; phosphor paste (Gwent EL series) for illumination; resin dielectric (Gwent R2070613P2); Adafruit MPR121 controller; Rogers D355B EL driver,"Gwent Group (PEDOT:PSS, silver ink, phosphor paste, resin binder); Adafruit (MPR121, connectors); Rogers (D355B EL driver); SUNNYSCOPA (tattoo paper)",Screen-print PEDOT:PSS electrodes → cure 130 °C (3 min) → print silver ink for strain → overlay PEDOT:PSS → print phosphor + dielectric for EL → print top PEDOT:PSS electrode → add adhesive → cut tattoo → attach copper tape leads → transfer to skin with water → connect to MPR121 (touch) and EL driver for feedback,Conformal multimodal electronic tattoo for on-skin input and illumination,Touch resolution 0.25 mm (SNR 13.1 ± 5.5); squeeze sensors SNR 17 ± 7.97; PEDOT:PSS conductivity stable up to 188 % strain; EL layer thickness 31–46 µm; user alignment error < 1 mm,"Thin (4–46 µm) conformal skin electronics for touch, squeeze, and bend sensing with electroluminescent feedback","On-skin controls, illuminated notifications, body landmark interaction, wearable prosthetic augmentation",Manual 3–3.5 h fabrication; fragile connectors; high-voltage EL driver needed; limited adhesion on large curved surfaces,"Screen-print PEDOT:PSS/silver layers → add phosphor + dielectric → cure → apply adhesive → cut and transfer tattoo → connect MPR121 + EL driver → test touch, squeeze, bend, and illumination on skin",
Skinergy: Machine-Embroidered Silicone-Textile Composites as On-Skin Self-Powered Input Sensors,2023,ACM User Interface Software and Technology (UIST),Touch and gesture input sensing on skin,Triboelectric (self-powered) sensing using embroidered conductive threads and silicone-textile composites,Silicone-textile composite (~700 µm) combining embroidered conductive threads on PVC base coated with Ecoflex 00-30,Ecoflex 00-30 (Smooth-On); PVC sheets (office folders); tear-away stabilizer (Sulky Iron-On); water-soluble PVA thread (Superior Threads Vanish-Extra),"Silver-plated nylon conductive thread (<100 Ω/cm, LessEMF); Ecoflex 00-30 silicone dielectric; rayon decorative threads; water-soluble PVA thread; XIAO nRF52840 MCU; MCP6V81 op-amp; CDMBL102S rectifier; resistors (200 MΩ, 1 GΩ)",LessEMF (conductive thread); Smooth-On (Ecoflex); Superior Threads (PVA); Sulky (stabilizer); Seeed Studio (XIAO nRF52840); Vishay Dale (resistors),Design SVG electrode layout → convert to .pes/.stl → embroider conductive and decorative threads (Brother SE600) → tear stabilizer → cast Ecoflex (~0.7 mm) → cure 8 h → wash out PVA and remove PVC → cast second silicone layer → cure 8 h → attach skin adhesive → connect to BLE board and calibrate,Embroidery-based silicone-textile triboelectric sensor for self-powered on-skin input,Voltage increases with pressure and area; 11 gestures recognized with 92.8 % within-user and 79.7 % cross-user accuracy; stable over 300 cycles; strain tolerance up to 150 %,"Thin, flexible, self-powered triboelectric sensor integrating textile embroidery and silicone for customizable aesthetic HCI","Touch and gesture recognition for wearables, IoT control, behind-ear interaction, fashion-integrated biointerfaces",8.5 h total fabrication time (curing-intensive); adhesive discomfort during removal; humidity affects signal amplitude; BLE board requires battery,Design SVG electrode → embroider conductive thread → cast silicone → wash to remove PVA/PVC → recast silicone → add adhesive → connect BLE board → calibrate voltage → train ML classifier → test gesture recognition,
"SkinMorph: Texture-Tunable On-Skin Interface Through Thin, Programmable Gel",2018,ACM International Symposium on Wearable Computers (ISWC),Programmable texture and stiffness modulation on skin,Thermally induced soft-to-stiff actuation using Joule-heated NiCr wires embedded in hydrogel-silicone composite,"Silicone encapsulation (~4 mm, Dragon Skin SortaClear 37) embedding thermo-responsive hydrogel and NiCr heating wires",Dragon Skin SortaClear 37 (Smooth-On); water-soluble embroidery stabilizer (Superior Threads); Form2 3D-printed molds; silicone adhesive (MG7-1010),"Thermo-responsive hydrogel (1.88 g NIPAM, 0.12 g acrylamide, 6 mg MBA, 0.5 g APS, 150 µL TEMED, 20 mL H₂O); NiCr 38 AWG wire (40 Ω/ft); silicone encapsulant; 1200 mAh Li-ion battery and Morphio PCB (5 V DC)","Sigma-Aldrich (NIPAM, acrylamide, MBA, APS, TEMED); Smooth-On (Dragon Skin); Pure Atomist (NiCr wire); Adafruit (battery); Formlabs (molds)",Mix hydrogel precursors → polymerize 8 h @ 4 °C → sew NiCr wire into soluble fabric → mold into silicone → dissolve stabilizer → fill hydrogel into cavity → seal with silicone → connect NiCr to Morphio PCB → attach with skin adhesive → test thermal actuation,Texture-tunable soft-to-stiff on-skin interface via heat-activated hydrogel,"Soft–rigid stiffness increase ≈10× (1 N/m); storage modulus 695 vs 196 Pa; heating 2.5 W → transition in 5 s (full in 75 s, recovery 5.5 min); user comfort 6.0/7, safety 6.3/7",Programmable gel-based skin interface for variable haptic feedback and protection applications,"Adaptive wearable splints, joint protection, on-skin haptics, fashion-tech interfaces",Slow activation (~75 s); hydrogel drying limits reusability; opaque in rigid state; power-limited actuation,Sew NiCr traces → cast silicone → prepare and fill hydrogel → seal → connect to battery and controller → attach to skin → heat to activate stiffness transition → measure stiffness and comfort,
SkinPaper: Exploring Opportunities for Woven Paper as a Wearable Material for On-Skin Interactions,2023,ACM CHI Conference on Human Factors in Computing Systems,"Touch, pressure, heat, and NFC-based sensing","Capacitive, resistive, thermochromic, and NFC sensing using woven hydrophobic washi paper structures","Hydrophobic washi paper (Murakumo Kozo Select Natural) woven into 2D, 2.5D, and 3D paper–textile composites","Washi paper (Murakumo Kozo Select Natural, Japan); Kiwi Camp Dry water-repellent spray; Silhouette tattoo adhesive film; Sulky Solvy PVA stabilizer",Gold/silver leaf for conductive traces; conductive fabric tape for resistive heating; thermochromic pigment; NFC chip (NXP MF1S5030XDA4); LEDs (SMD 1206); silk yarn and linen fibers for mixed weaving,"Amazon (Kiwi Camp Dry, gold leaf); Sigma-Aldrich (thermochromic pigment); NXP (NFC chip); Adafruit (LEDs); art stores (Murakumo Kozo paper, washi tape)","Spray silicone hydrophobic coating → cure 24 h → apply conductive gold/silver leaf via stencil → cut into strips (2–6 mm) → weave patterns (plain, twill, hexagonal) → integrate LEDs, NFC chip, or thermochromic layer → seal with silicone → apply temporary tattoo adhesive → wear and test touch, heating, and NFC response","Hydrophobic woven paper interface for touch, pressure, heat, and NFC interaction","Contact angle >90° (hydrophobic); maintained conductivity 100 % after 8 h wear; comfort median 6/7; multiple woven case studies (touch matrix, thermochromic patch, NFC tag, fuzzy weave input, LED dome)","Woven hydrophobic paper composites enabling decorative, functional, and reconfigurable on-skin sensing and actuation","On-skin touch and gesture control, NFC-enabled fashion patches, thermochromic feedback devices, interactive art/fashion accessories",Manual weaving (2–4 h); paper creasing under strain; limited stretchability; adhesive edges peel under motion,"Treat washi paper with silicone spray → stencil conductive layer → cut strips → weave structure → integrate electronics → seal with silicone → apply tattoo adhesive → attach on skin → test touch, heating, NFC response",
Skintillates: Designing and Creating Epidermal Interactions,2016,ACM Designing Interactive Systems (DIS),"Touch, strain, and resistive sensing; on-skin light display",Capacitive and resistive sensing with integrated LED optoelectronic output using printed silver traces on temporary tattoo paper,"Commercial temporary tattoo paper (Silhouette Inkjet Printable, 36 µm thick) with screen-printed conductive traces and inkjet-printed art layer",Silhouette Inkjet Printable Tattoo Paper; 110 mesh silkscreen; copper tape (Adafruit),"Silver screen-printing ink (Creative Materials 118-09A, 0.5 Ω/□); 0603 SMD LEDs and resistors; z-axis conductive adhesive (3M); copper tape; Adafruit MPR121 (capacitive sensing); MakeyMakey (resistive input); INA125P op-amp (strain)","Creative Materials (silver ink); 3M (adhesive tape); Adafruit (MPR121, copper tape); SparkFun (MakeyMakey, op-amps); Silhouette (tattoo paper)","Design art and circuit → print inkjet art layer → cut stencil → screen-print silver ink → cure 10–15 min → attach LEDs/resistors with z-axis tape → apply tattoo adhesive → transfer tattoo to skin with water (30 s) → connect copper leads → test LED display, capacitive, resistive, and strain sensing","Ultra-thin (36 µm) epidermal electronic tattoo for touch, strain, and illumination sensing",Capacitive touch controlled mobile apps; strain sensing (37–54 Ω wrist bend); LED display functional >8 h; 90 % survival across 10 users; comfort score 8.8/10; cost ≈ $1.83 per 6.5×1 inch device,"Thin, aesthetic, and reusable epidermal interface integrating input and output for expressive body-based interaction","On-skin LED fashion, gesture-based mobile control, posture monitoring, creative MakeyMakey play, and biometric displays",External rigid battery limits flexibility; weak electrical joints; copper connectors reduce comfort; limited reuse (≤5 times),"Print circuit art → screen-print silver → attach LEDs → add adhesive → transfer to skin → connect leads → test capacitive, resistive, and strain sensing with LED feedback",
Soft Inkjet Circuits: Rapid Multi-Material Fabrication of Soft Circuits Using a Commodity Inkjet Printer,2019,ACM User Interface Software and Technology (UIST),"Touch, strain, and electrodermal activity sensing on soft/stretchable substrates","Resistive and capacitive sensing using multi-material inkjet-printed silver, PEDOT:PSS, and PVP dielectric inks on soft substrates","Thermoplastic polyurethane (TPU), tattoo film, textile transfer film, and shrink film (polyolefin) printable with consumer inkjet printer",TPU (Covestro Platilon U073); tattoo paper (Amazon/Silhouette); textile transfer film and shrink film (Skullpaper); photo paper (HP Glossy 160 µm); anti-fog spray (Battic Technologies B077HVXKMZ),"Silver nanoparticle ink (Sicrys I40DM-106, PvNanoCell); PEDOT:PSS (Orgacon IJ-1005); PVP dielectric ink (5 wt% PVP + 1 wt% melamine-formaldehyde + 1-hexanol); cleaning ink (1% glycerin + 10% ethyl glycol); copper tape, 3M Z-tape, LEDs, LiPo battery, Arduino microcontrollers","PvNanoCell (silver ink); Sigma-Aldrich (PEDOT:PSS, PVP, melamine, 1-hexanol); 3M (Z-tape); Adafruit (microcontrollers, LEDs); Covestro (TPU); Amazon (anti-fog spray, tattoo paper)","Design circuit in Illustrator → load inks in Epson WF-2010W cartridges → spray anti-fog agent on substrate → sequentially print silver, PEDOT:PSS, and PVP inks → heat-cure (Ag/PVP 120 °C, PEDOT 80 °C) → laminate or iron for textile transfer → add components with Z-tape or solder → optionally pre-stretch TPU before printing → test EDA, strain, or capacitive sensing","Rapidly printed soft and stretchable circuits enabling touch, strain, and EDA sensing","Conductivity ≈ 0.06 Ω/□ (Ag); line resolution 75–100 µm; dielectric ε ≈ 2.9; stretchability up to 50 %; durability 1000 cycles (30 % strain, 6× baseline resistance); textile washability 10 cycles (<1 % change)","Low-cost (<$50 printer) rapid fabrication method for soft, stretchable, and ultrathin interactive circuits","e-tattoos, stretchable strain sensors, textile circuits, thermoplastic wearables, educational soft-circuit prototyping",Manual refeeding for multilayers; silver solvent dissolves PVP; requires curing each layer; alignment tolerance limited by consumer printer,"Design printable layers → load inks → print Ag/PEDOT:PSS/PVP → heat-cure → laminate → attach components → pre-stretch substrate (optional) → test resistive, capacitive, and strain sensing",
SweatSkin: Rapidly Prototyping Sweat-Sensing On-Skin Interface Based on Microfluidics,2024,"ACM IMWUT (Proceedings of the ACM on Interactive, Mobile, Wearable and Ubiquitous Technologies)","pH, chloride, glucose, and sweat volume/rate in human sweat",Colorimetric microfluidic sensing using test-paper and hydrogel indicators integrated into paper and polymer-based on-skin microfluidic patches,"Filter paper (AeroPress Microfilter), waterproof adhesive bandage, silicone rubber (Ecoflex 00-30), and soft UV-curable resin (Miraclekoo Soft Type)",Filter paper (Amazon/grocery); waterproof bandages (pharmacy); Ecoflex 00-30 (Smooth-On); Miraclekoo UV resin (craft store); tattoo sticker film (Amazon); 3D-printed molds (FormLabs Form 3),FUNSW chloride test paper; Hydrion pH paper (2–10); Diastix glucose reagent strips; cobalt chloride (CoCl₂) hydrogel (5 wt% gelatin + CoCl₂); wax barriers (Crayola crayons); adhesive silicone (3rd Degree),"FUNSW, Micro Essential Labs, Bayer, Bartovation, Sigma-Aldrich, Amazon (craft tools and Crayola wax), Smooth-On (Ecoflex), Miraclekoo (UV resin)","Draw wax microchannels on filter paper → bake 70 °C 10 min → insert test papers → layer adhesive bandages → for polymer version, cast Ecoflex 00-30 or UV resin in mold → insert hydrogel/test papers → seal with adhesive → attach to skin → apply artificial sweat (ISO 3160-2) → observe color or capture RGB via smartphone",Low-cost colorimetric sweat-sensing patch with rapid DIY fabrication,"Colorimetric response: pH 2–10 (red→green), Cl⁻ 0–100 mM (brown→light brown), glucose 0–5 mM (blue→brown); Ecoflex device capacity 27 µL; stretchability: Ecoflex 300 %, UV resin 140 %; cost ≈ $1/unit",Accessible and rapid on-skin microfluidic platform for multi-biomarker sweat sensing without electronics,"Hydration monitoring, glucose and electrolyte tracking, sports sweat analysis, and educational microfluidics prototyping",Single-use (hydrogel dries); paper version non-stretchable; polymer version thicker (650 µm); color variation from cover transparency,Select substrate → design channels → fabricate via crayon/paper cut/casting → insert indicators → seal → adhere to skin → apply sweat → analyze colorimetric response via chart or smartphone,
VIM: Exploring Interactions with On-Skin Bio-Sensing Wearables in Virtual Reality,2022,ACM CHI Conference on Human Factors in Computing Systems,Electrodermal activity (EDA) and electromyography (EMG) for emotional and muscle-based feedback in VR,Multimodal biosensing and haptic output combining capacitive EDA and EMG sensing with vibrotactile and electroluminescent actuation,"Ecoflex 00-30 silicone elastomer composite encapsulating printed electrodes, vibration motors, and EL illumination film",Ecoflex 00-30 (Smooth-On); medical adhesive film (3M Tegaderm); phosphor paste (Gwent EL series); vibration motors (Precision Microdrives); gold/silver inks (Creative Materials 118-09A),Gold and silver conductive inks (0.5 Ω/□); phosphor paste for illumination; 10 mm 3.3 V vibration motors; Arduino Nano BLE microcontroller; ADS1115 ADC; 3.7 V 1200 mAh Li-ion battery,"Creative Materials (Ag/Au inks); Gwent Group (phosphor paste); Precision Microdrives (motors); Adafruit (Arduino Nano BLE, battery, ADC); Smooth-On (Ecoflex); 3M (Tegaderm adhesive)","Design electrodes in Illustrator → screen-print silver/gold traces on Ecoflex → cast encapsulation layer (2 mm) → embed motors, EL layer, connectors → apply Tegaderm adhesive → connect to Arduino Nano BLE + ADS1115 → calibrate EDA/EMG → test biosignal feedback in VR","Soft on-skin biosensing interface combining EDA, EMG, and multimodal haptic feedback in VR",EDA–arousal correlation r = 0.82; EMG-triggered vibrotactile accuracy 96 %; latency 32 ms; power 1.5 W; 20+ reuses with Tegaderm film,"Soft, skin-conformal wearable enabling closed-loop biofeedback and embodied VR experiences","Emotional biofeedback in VR, muscle-based interaction, haptic communication, rehabilitation, mindfulness training",Runtime limited to ~2.5 h (battery); high-voltage EL driver (90–110 V AC); silicone collects dust; manual fabrication alignment required,Screen-print gold/silver electrodes → cast silicone → embed vibration and EL layer → connect electronics → attach adhesive → calibrate EDA/EMG → test in VR environment,
Weaving a Second Skin: Exploring Opportunities for Crafting On-Skin Interfaces Through Weaving,2020,ACM Designing Interactive Systems (DIS),"Touch, pressure, haptic, thermochromic, and optical fiber-based sensing and actuation","Capacitive, piezoresistive, thermochromic, SMA, and optical sensing using woven conductive and functional yarns on silk substrate","Woven silk textile using conductive, thermochromic, SMA, and optical fiber threads applied on skin with PVA adhesive",Silk yarn (HASEGAWA 60/2); PVA film (Sulky Solvy); temporary tattoo adhesive (Silhouette); Baby Wolf 8-shaft loom (Schacht),Insulated copper wire (38 AWG); stainless-steel conductive thread (1.3 Ω/in); thermochromic yarn (37 °C transition); SMA springs (Toki BioMetal Helix BMX150); optical fibers (0.5 mm); Velostat sheet (Linqstat),Adafruit (conductive thread); Remington Industries (copper wire); Toki (SMA springs); Bartovation (Velostat); Sulky (PVA film); craft suppliers (thermochromic yarn),"Design weave draft → mount silk warp and conductive yarns on loom → weave plain/twill/double/tapestry structures → integrate SMA, Velostat, thermochromic yarns, or optical fibers → cut and attach PVA adhesive → dissolve with water to adhere → connect controller → test touch, pressure, color, and actuation response",Functional woven on-skin interface combining sensing and actuation through textile craft,Capacitive touch and pressure sensing functional; SMA actuation at 2.75 V; thermochromic color change at 37 °C; optical fiber signal variation with bending; comfort 6/7; wear time 8–24 h,"Soft, aesthetic, and tactile woven interface integrating multi-layer sensing, actuation, and expressiveness","On-skin touch displays, haptic alerts, stretch sensors, woven art-based interaction, wearable education",Long weaving time (12–22 h); manual loom setup; limited adhesion on joints; rigid external connectors,Design weave structure → weave conductive/functional yarns → integrate SMA/Velostat/fibers → apply PVA adhesive → adhere to skin → connect to controller → test multi-modal responses,